alg,keygen_ms,sign_ms,verify_ms
ecdsa,0.6566334993112832,0.6607930001337081,0.5620350001845509
slh-dsa-sha2-128s,100.0,5.0,2.0
ml-dsa-44,5.0,1.0,0.5
